prediction,rate
7,1.0
2,1.0
1,0.999996
0,0.999841
4,0.998801
1,0.999996
4,0.999754
9,0.998182
5,0.999809
9,0.99999
